domain_a,domain_b,n_AB,n_A,n_B,N,expected_AB,jaccard,lift,pmi_log2,fisher_p,obligate_pair,same_clan,clan_a,clan_b,q_value,significant_q05,headline_eligible,name_a,name_b
PF00675,PF05193,2,2,2,666,0.006,1.0,333.0,8.379,4.515793989478199e-06,True,True,CL0094,CL0094,5.644742486847749e-06,True,False,Peptidase_M16,Peptidase_M16_C
PF00675,PF08367,2,2,2,666,0.006,1.0,333.0,8.379,4.515793989478199e-06,True,True,CL0094,CL0094,5.644742486847749e-06,True,False,Peptidase_M16,M16C_assoc
PF00675,PF22516,2,2,2,666,0.006,1.0,333.0,8.379,4.515793989478199e-06,True,True,CL0094,CL0094,5.644742486847749e-06,True,False,Peptidase_M16,PreP_C
PF05193,PF08367,2,2,2,666,0.006,1.0,333.0,8.379,4.515793989478199e-06,True,True,CL0094,CL0094,5.644742486847749e-06,True,False,Peptidase_M16_C,M16C_assoc
PF05193,PF22516,2,2,2,666,0.006,1.0,333.0,8.379,4.515793989478199e-06,True,True,CL0094,CL0094,5.644742486847749e-06,True,False,Peptidase_M16_C,PreP_C
PF08367,PF22516,2,2,2,666,0.006,1.0,333.0,8.379,4.515793989478199e-06,True,True,CL0094,CL0094,5.644742486847749e-06,True,False,M16C_assoc,PreP_C
PF00689,PF00690,2,2,2,666,0.006,1.0,333.0,8.379,4.515793989478199e-06,True,False,,,5.644742486847749e-06,True,False,Cation_ATPase_C,Cation_ATPase_N
PF00689,PF13246,2,2,2,666,0.006,1.0,333.0,8.379,4.515793989478199e-06,True,False,,CL0137,5.644742486847749e-06,True,False,Cation_ATPase_C,Cation_ATPase
PF00690,PF13246,2,2,2,666,0.006,1.0,333.0,8.379,4.515793989478199e-06,True,False,,CL0137,5.644742486847749e-06,True,False,Cation_ATPase_N,Cation_ATPase
PF01367,PF02739,2,2,2,666,0.006,1.0,333.0,8.379,4.515793989478199e-06,True,False,CL0464,CL0280,5.644742486847749e-06,True,False,5_3_exonuc,5_3_exonuc_N
PF00575,PF07541,2,2,2,666,0.006,1.0,333.0,8.379,4.515793989478199e-06,True,False,CL0021,,5.644742486847749e-06,True,False,S1,EIF_2_alpha
PF01588,PF21972,2,2,2,666,0.006,1.0,333.0,8.379,4.515793989478199e-06,True,False,CL0021,CL0497,5.644742486847749e-06,True,False,tRNA_bind,Arc1p_N_like
PF13242,PF13344,2,2,2,666,0.006,1.0,333.0,8.379,4.515793989478199e-06,True,True,CL0137,CL0137,5.644742486847749e-06,True,False,Hydrolase_like,Hydrolase_6
PF02670,PF08436,2,2,2,666,0.006,1.0,333.0,8.379,4.515793989478199e-06,True,False,CL0063,CL0139,5.644742486847749e-06,True,False,DXP_reductoisom,DXP_redisom_C
PF02670,PF13288,2,2,2,666,0.006,1.0,333.0,8.379,4.515793989478199e-06,True,True,CL0063,CL0063,5.644742486847749e-06,True,False,DXP_reductoisom,DXPR_C
PF08436,PF13288,2,2,2,666,0.006,1.0,333.0,8.379,4.515793989478199e-06,True,False,CL0139,CL0063,5.644742486847749e-06,True,False,DXP_redisom_C,DXPR_C
PF04983,PF05000,2,2,2,666,0.006,1.0,333.0,8.379,4.515793989478199e-06,True,False,,,5.644742486847749e-06,True,False,RNA_pol_Rpb1_3,RNA_pol_Rpb1_4
PF00317,PF02867,2,2,2,666,0.006,1.0,333.0,8.379,4.515793989478199e-06,True,False,,CL0339,5.644742486847749e-06,True,False,Ribonuc_red_lgN,Ribonuc_red_lgC
PF00317,PF03477,2,2,2,666,0.006,1.0,333.0,8.379,4.515793989478199e-06,True,False,,,5.644742486847749e-06,True,False,Ribonuc_red_lgN,ATP-cone
PF02867,PF03477,2,2,2,666,0.006,1.0,333.0,8.379,4.515793989478199e-06,True,False,CL0339,,5.644742486847749e-06,True,False,Ribonuc_red_lgC,ATP-cone
PF00006,PF02874,2,2,2,666,0.006,1.0,333.0,8.379,4.515793989478199e-06,True,False,CL0023,CL0866,5.644742486847749e-06,True,False,ATP-synt_ab,ATP-synt_ab_N
PF00006,PF22919,2,2,2,666,0.006,1.0,333.0,8.379,4.515793989478199e-06,True,False,CL0023,,5.644742486847749e-06,True,False,ATP-synt_ab,ATP-synt_VA_C
PF02874,PF22919,2,2,2,666,0.006,1.0,333.0,8.379,4.515793989478199e-06,True,False,CL0866,,5.644742486847749e-06,True,False,ATP-synt_ab_N,ATP-synt_VA_C
PF06732,PF16589,2,2,2,666,0.006,1.0,333.0,8.379,4.515793989478199e-06,True,False,,CL0459,5.644742486847749e-06,True,False,Pescadillo_N,BRCT_2
PF13517,PF23122,2,2,2,666,0.006,1.0,333.0,8.379,4.515793989478199e-06,True,False,CL0186,CL0154,5.644742486847749e-06,True,False,FG-GAP_3,C2_ITFG1
PF02463,PF06470,2,2,2,666,0.006,1.0,333.0,8.379,4.515793989478199e-06,True,False,CL0023,,5.644742486847749e-06,True,False,SMC_N,SMC_hinge
PF03028,PF08393,2,2,2,666,0.006,1.0,333.0,8.379,4.515793989478199e-06,True,False,CL0023,,5.644742486847749e-06,True,False,Dynein_heavy,DHC_N2
PF03028,PF12774,2,2,2,666,0.006,1.0,333.0,8.379,4.515793989478199e-06,True,True,CL0023,CL0023,5.644742486847749e-06,True,False,Dynein_heavy,AAA_6
PF03028,PF12775,2,2,2,666,0.006,1.0,333.0,8.379,4.515793989478199e-06,True,True,CL0023,CL0023,5.644742486847749e-06,True,False,Dynein_heavy,AAA_7
PF03028,PF12777,2,2,2,666,0.006,1.0,333.0,8.379,4.515793989478199e-06,True,False,CL0023,,5.644742486847749e-06,True,False,Dynein_heavy,MT
PF03028,PF12780,2,2,2,666,0.006,1.0,333.0,8.379,4.515793989478199e-06,True,True,CL0023,CL0023,5.644742486847749e-06,True,False,Dynein_heavy,AAA_8
PF03028,PF17852,2,2,2,666,0.006,1.0,333.0,8.379,4.515793989478199e-06,True,False,CL0023,,5.644742486847749e-06,True,False,Dynein_heavy,Dynein_AAA_lid
PF03028,PF18198,2,2,2,666,0.006,1.0,333.0,8.379,4.515793989478199e-06,True,False,CL0023,CL0671,5.644742486847749e-06,True,False,Dynein_heavy,AAA_lid_11
PF03028,PF18199,2,2,2,666,0.006,1.0,333.0,8.379,4.515793989478199e-06,True,False,CL0023,,5.644742486847749e-06,True,False,Dynein_heavy,Dynein_C
PF08393,PF12774,2,2,2,666,0.006,1.0,333.0,8.379,4.515793989478199e-06,True,False,,CL0023,5.644742486847749e-06,True,False,DHC_N2,AAA_6
PF08393,PF12775,2,2,2,666,0.006,1.0,333.0,8.379,4.515793989478199e-06,True,False,,CL0023,5.644742486847749e-06,True,False,DHC_N2,AAA_7
PF08393,PF12777,2,2,2,666,0.006,1.0,333.0,8.379,4.515793989478199e-06,True,False,,,5.644742486847749e-06,True,False,DHC_N2,MT
PF08393,PF12780,2,2,2,666,0.006,1.0,333.0,8.379,4.515793989478199e-06,True,False,,CL0023,5.644742486847749e-06,True,False,DHC_N2,AAA_8
PF08393,PF17852,2,2,2,666,0.006,1.0,333.0,8.379,4.515793989478199e-06,True,False,,,5.644742486847749e-06,True,False,DHC_N2,Dynein_AAA_lid
PF08393,PF18198,2,2,2,666,0.006,1.0,333.0,8.379,4.515793989478199e-06,True,False,,CL0671,5.644742486847749e-06,True,False,DHC_N2,AAA_lid_11
PF08393,PF18199,2,2,2,666,0.006,1.0,333.0,8.379,4.515793989478199e-06,True,False,,,5.644742486847749e-06,True,False,DHC_N2,Dynein_C
PF12774,PF12775,2,2,2,666,0.006,1.0,333.0,8.379,4.515793989478199e-06,True,True,CL0023,CL0023,5.644742486847749e-06,True,False,AAA_6,AAA_7
PF12774,PF12777,2,2,2,666,0.006,1.0,333.0,8.379,4.515793989478199e-06,True,False,CL0023,,5.644742486847749e-06,True,False,AAA_6,MT
PF12774,PF12780,2,2,2,666,0.006,1.0,333.0,8.379,4.515793989478199e-06,True,True,CL0023,CL0023,5.644742486847749e-06,True,False,AAA_6,AAA_8
PF12774,PF17852,2,2,2,666,0.006,1.0,333.0,8.379,4.515793989478199e-06,True,False,CL0023,,5.644742486847749e-06,True,False,AAA_6,Dynein_AAA_lid
PF12774,PF18198,2,2,2,666,0.006,1.0,333.0,8.379,4.515793989478199e-06,True,False,CL0023,CL0671,5.644742486847749e-06,True,False,AAA_6,AAA_lid_11
PF12774,PF18199,2,2,2,666,0.006,1.0,333.0,8.379,4.515793989478199e-06,True,False,CL0023,,5.644742486847749e-06,True,False,AAA_6,Dynein_C
PF12775,PF12777,2,2,2,666,0.006,1.0,333.0,8.379,4.515793989478199e-06,True,False,CL0023,,5.644742486847749e-06,True,False,AAA_7,MT
PF12775,PF12780,2,2,2,666,0.006,1.0,333.0,8.379,4.515793989478199e-06,True,True,CL0023,CL0023,5.644742486847749e-06,True,False,AAA_7,AAA_8
PF12775,PF17852,2,2,2,666,0.006,1.0,333.0,8.379,4.515793989478199e-06,True,False,CL0023,,5.644742486847749e-06,True,False,AAA_7,Dynein_AAA_lid
PF12775,PF18198,2,2,2,666,0.006,1.0,333.0,8.379,4.515793989478199e-06,True,False,CL0023,CL0671,5.644742486847749e-06,True,False,AAA_7,AAA_lid_11
PF12775,PF18199,2,2,2,666,0.006,1.0,333.0,8.379,4.515793989478199e-06,True,False,CL0023,,5.644742486847749e-06,True,False,AAA_7,Dynein_C
PF12777,PF12780,2,2,2,666,0.006,1.0,333.0,8.379,4.515793989478199e-06,True,False,,CL0023,5.644742486847749e-06,True,False,MT,AAA_8
PF12777,PF17852,2,2,2,666,0.006,1.0,333.0,8.379,4.515793989478199e-06,True,False,,,5.644742486847749e-06,True,False,MT,Dynein_AAA_lid
PF12777,PF18198,2,2,2,666,0.006,1.0,333.0,8.379,4.515793989478199e-06,True,False,,CL0671,5.644742486847749e-06,True,False,MT,AAA_lid_11
PF12777,PF18199,2,2,2,666,0.006,1.0,333.0,8.379,4.515793989478199e-06,True,False,,,5.644742486847749e-06,True,False,MT,Dynein_C
PF12780,PF17852,2,2,2,666,0.006,1.0,333.0,8.379,4.515793989478199e-06,True,False,CL0023,,5.644742486847749e-06,True,False,AAA_8,Dynein_AAA_lid
PF12780,PF18198,2,2,2,666,0.006,1.0,333.0,8.379,4.515793989478199e-06,True,False,CL0023,CL0671,5.644742486847749e-06,True,False,AAA_8,AAA_lid_11
PF12780,PF18199,2,2,2,666,0.006,1.0,333.0,8.379,4.515793989478199e-06,True,False,CL0023,,5.644742486847749e-06,True,False,AAA_8,Dynein_C
PF17852,PF18198,2,2,2,666,0.006,1.0,333.0,8.379,4.515793989478199e-06,True,False,,CL0671,5.644742486847749e-06,True,False,Dynein_AAA_lid,AAA_lid_11
PF17852,PF18199,2,2,2,666,0.006,1.0,333.0,8.379,4.515793989478199e-06,True,False,,,5.644742486847749e-06,True,False,Dynein_AAA_lid,Dynein_C
PF18198,PF18199,2,2,2,666,0.006,1.0,333.0,8.379,4.515793989478199e-06,True,False,CL0671,,5.644742486847749e-06,True,False,AAA_lid_11,Dynein_C
PF01233,PF02799,2,2,2,666,0.006,1.0,333.0,8.379,4.515793989478199e-06,True,True,CL0257,CL0257,5.644742486847749e-06,True,False,NMT,NMT_C
PF00211,PF16212,3,3,3,666,0.014,1.0,222.0,7.794,2.0402683687401504e-08,True,False,CL0276,CL0137,9.416623240339157e-08,True,False,Guanylate_cyc,PhoLip_ATPase_C
PF02475,PF25133,3,3,3,666,0.014,1.0,222.0,7.794,2.0402683687401504e-08,True,False,CL0063,,9.416623240339157e-08,True,False,TRM5-TYW2_MTfase,TYW2_N_2
PF00623,PF04997,3,3,3,666,0.014,1.0,222.0,7.794,2.0402683687401504e-08,True,False,,,9.416623240339157e-08,True,False,RNA_pol_Rpb1_2,RNA_pol_Rpb1_1
PF00705,PF02747,3,3,3,666,0.014,1.0,222.0,7.794,2.0402683687401504e-08,True,True,CL0060,CL0060,9.416623240339157e-08,True,False,PCNA_N,PCNA_C
PF00670,PF05221,3,3,3,666,0.014,1.0,222.0,7.794,2.0402683687401504e-08,True,True,CL0063,CL0063,9.416623240339157e-08,True,False,AdoHcyase_NAD,AdoHcyase
PF00056,PF02866,3,3,3,666,0.014,1.0,222.0,7.794,2.0402683687401504e-08,True,False,CL0063,CL0341,9.416623240339157e-08,True,False,Ldh_1_N,Ldh_1_C
PF02798,PF14497,3,3,3,666,0.014,1.0,222.0,7.794,2.0402683687401504e-08,True,False,CL0172,CL0497,9.416623240339157e-08,True,False,GST_N,GST_C_3
PF00122,PF00689,2,3,2,666,0.009,0.6667,222.0,7.794,1.3547381968434598e-05,False,False,,,1.5193325572076185e-05,True,True,E1-E2_ATPase,Cation_ATPase_C
PF00122,PF00690,2,3,2,666,0.009,0.6667,222.0,7.794,1.3547381968434598e-05,False,False,,,1.5193325572076185e-05,True,True,E1-E2_ATPase,Cation_ATPase_N
PF00122,PF13246,2,3,2,666,0.009,0.6667,222.0,7.794,1.3547381968434598e-05,False,False,,CL0137,1.5193325572076185e-05,True,True,E1-E2_ATPase,Cation_ATPase
PF00226,PF09687,2,3,2,666,0.009,0.6667,222.0,7.794,1.3547381968434598e-05,False,False,CL0392,,1.5193325572076185e-05,True,True,DnaJ,PRESAN
PF00623,PF04983,2,3,2,666,0.009,0.6667,222.0,7.794,1.3547381968434598e-05,False,False,,,1.5193325572076185e-05,True,True,RNA_pol_Rpb1_2,RNA_pol_Rpb1_3
PF00623,PF05000,2,3,2,666,0.009,0.6667,222.0,7.794,1.3547381968434598e-05,False,False,,,1.5193325572076185e-05,True,True,RNA_pol_Rpb1_2,RNA_pol_Rpb1_4
PF04983,PF04997,2,2,3,666,0.009,0.6667,222.0,7.794,1.3547381968434598e-05,False,False,,,1.5193325572076185e-05,True,True,RNA_pol_Rpb1_3,RNA_pol_Rpb1_1
PF04983,PF04998,2,2,3,666,0.009,0.6667,222.0,7.794,1.3547381968434598e-05,False,False,,,1.5193325572076185e-05,True,True,RNA_pol_Rpb1_3,RNA_pol_Rpb1_5
PF04997,PF05000,2,3,2,666,0.009,0.6667,222.0,7.794,1.3547381968434598e-05,False,False,,,1.5193325572076185e-05,True,True,RNA_pol_Rpb1_1,RNA_pol_Rpb1_4
PF04998,PF05000,2,3,2,666,0.009,0.6667,222.0,7.794,1.3547381968434598e-05,False,False,,,1.5193325572076185e-05,True,True,RNA_pol_Rpb1_5,RNA_pol_Rpb1_4
PF00578,PF10417,4,4,4,666,0.024,1.0,166.5,7.379,1.230931142527994e-10,True,False,CL0172,,1.0550838364525664e-09,True,False,AhpC-TSA,1-cysPrx_C
PF00679,PF06421,4,4,4,666,0.024,1.0,166.5,7.379,1.230931142527994e-10,True,False,CL0437,,1.0550838364525664e-09,True,False,EFG_C,LepA_C
PF04055,PF16881,4,4,4,666,0.024,1.0,166.5,7.379,1.230931142527994e-10,True,False,CL0036,,1.0550838364525664e-09,True,False,Radical_SAM,LIAS_N
PF02852,PF07992,4,4,4,666,0.024,1.0,166.5,7.379,1.230931142527994e-10,True,False,CL0608,CL0063,1.0550838364525664e-09,True,False,Pyr_redox_dim,Pyr_redox_2
PF00226,PF14308,3,3,4,666,0.018,0.75,166.5,7.379,8.161073474960602e-08,False,False,CL0392,,3.497602917840258e-07,True,True,DnaJ,DnaJ-X
PF12361,PF12377,3,3,4,666,0.018,0.75,166.5,7.379,8.161073474960602e-08,False,False,,,3.497602917840258e-07,True,True,DBP,DuffyBP_N
PF03493,PF07885,2,2,4,666,0.012,0.5,166.5,7.379,2.7094763936869196e-05,False,False,CL0582,CL0030,2.8773200640923042e-05,True,True,BK_channel_a,Ion_trans_2
PF07885,PF22614,2,4,2,666,0.012,0.5,166.5,7.379,2.7094763936869196e-05,False,False,CL0030,CL0063,2.8773200640923042e-05,True,True,Ion_trans_2,Slo-like_RCK
PF00679,PF14492,2,4,2,666,0.012,0.5,166.5,7.379,2.7094763936869196e-05,False,True,CL0437,CL0437,2.8773200640923042e-05,True,False,EFG_C,EFG_III
PF06421,PF14492,2,4,2,666,0.012,0.5,166.5,7.379,2.7094763936869196e-05,False,False,,CL0437,2.8773200640923042e-05,True,True,LepA_C,EFG_III
PF09687,PF14308,2,2,4,666,0.012,0.5,166.5,7.379,2.7094763936869196e-05,False,False,,,2.8773200640923042e-05,True,True,PRESAN,DnaJ-X
PF00623,PF04998,2,3,3,666,0.014,0.5,148.0,7.209,4.0601340537929005e-05,False,False,,,4.236661621349113e-05,True,True,RNA_pol_Rpb1_2,RNA_pol_Rpb1_5
PF04997,PF04998,2,3,3,666,0.014,0.5,148.0,7.209,4.0601340537929005e-05,False,False,,,4.236661621349113e-05,True,True,RNA_pol_Rpb1_1,RNA_pol_Rpb1_5
PF00032,PF00033,5,5,5,666,0.038,1.0,133.2,7.057,9.297063010030168e-13,True,False,,CL0328,1.2396084013373557e-11,True,False,Cytochrom_B_C,Cytochrome_B
PF00081,PF02777,5,5,5,666,0.038,1.0,133.2,7.057,9.297063010030168e-13,True,False,,,1.2396084013373557e-11,True,False,Sod_Fe_N,Sod_Fe_C
PF00186,PF00303,4,5,4,666,0.03,0.8,133.2,7.057,6.154655712639972e-10,False,False,CL0387,,4.9237245701119774e-09,True,True,DHFR_1,Thymidylat_synt
PF00005,PF00664,3,5,3,666,0.023,0.6,133.2,7.057,2.0402683687401507e-07,False,False,CL0023,CL0241,8.442489801683382e-07,True,True,ABC_tran,ABC_membrane
PF05879,PF20428,2,5,2,666,0.015,0.4,133.2,7.057,4.5157939894782e-05,False,False,CL0023,,4.6315835789520003e-05,True,True,RHD3_GTPase,Sey1_3HB
PF05424,PF11556,6,6,6,666,0.054,1.0,111.0,6.794,8.439088965231621e-15,True,False,CL0195,,1.687817793046324e-13,True,False,Duffy_binding,EBA-175_VI
PF00113,PF03952,6,6,6,666,0.054,1.0,111.0,6.794,8.439088965231621e-15,True,False,CL0036,CL0227,1.687817793046324e-13,True,False,Enolase_C,Enolase_N
PF00091,PF03953,6,6,6,666,0.054,1.0,111.0,6.794,8.439088965231621e-15,True,False,CL0063,CL0442,1.687817793046324e-13,True,False,Tubulin,Tubulin_C
PF00009,PF00679,4,6,4,666,0.036,0.6667,111.0,6.794,1.8463967137919915e-09,False,False,CL0023,CL0437,1.1661452929212578e-08,True,True,GTP_EFTU,EFG_C
PF00009,PF06421,4,6,4,666,0.036,0.6667,111.0,6.794,1.8463967137919915e-09,False,False,CL0023,,1.1661452929212578e-08,True,True,GTP_EFTU,LepA_C
PF05424,PF12377,4,6,4,666,0.036,0.6667,111.0,6.794,1.8463967137919915e-09,False,False,CL0195,,1.1661452929212578e-08,True,True,Duffy_binding,DuffyBP_N
PF11556,PF12377,4,6,4,666,0.036,0.6667,111.0,6.794,1.8463967137919915e-09,False,False,,,1.1661452929212578e-08,True,True,EBA-175_VI,DuffyBP_N
PF05424,PF12361,3,6,3,666,0.027,0.5,111.0,6.794,4.0805367374803014e-07,False,False,CL0195,,1.5795626080568907e-06,True,True,Duffy_binding,DBP
PF11556,PF12361,3,6,3,666,0.027,0.5,111.0,6.794,4.0805367374803014e-07,False,False,,,1.5795626080568907e-06,True,True,EBA-175_VI,DBP
PF00009,PF14492,2,6,2,666,0.018,0.3333,111.0,6.794,6.7736909842173e-05,False,False,CL0023,CL0437,6.830612757193916e-05,True,True,GTP_EFTU,EFG_III
PF00009,PF03144,2,6,2,666,0.018,0.3333,111.0,6.794,6.7736909842173e-05,False,False,CL0023,CL0866,6.830612757193916e-05,True,True,GTP_EFTU,GTP_EFTU_D2
PF00752,PF00867,7,7,7,666,0.074,1.0,95.143,6.572,8.950548902518384e-17,True,False,CL0280,CL0464,3.580219561007354e-15,True,False,XPG_N,XPG_I
PF07462,PF12946,9,9,9,666,0.122,1.0,74.0,6.209,1.4861781020827447e-20,True,False,,CL0001,1.7834137224992934e-18,True,False,MSP1_C,EGF_MSP1_1
PF00082,PF18213,5,9,5,666,0.068,0.5556,74.0,6.209,1.1714299392638015e-10,False,False,,CL0570,1.0550838364525664e-09,True,True,Peptidase_S8,SUB1_ProdP9
PF00082,PF18513,3,9,3,666,0.041,0.3333,74.0,6.209,1.7138254297417267e-06,False,False,,CL0570,5.644742486847749e-06,True,True,Peptidase_S8,Pro_sub2
PF00112,PF08246,7,14,7,666,0.147,0.5,47.571,5.572,3.0718283833443105e-13,False,False,CL0125,,5.265991514304532e-12,True,True,Peptidase_C1,Inhibitor_I29
PF13202,PF13499,3,3,19,666,0.086,0.1579,35.053,5.131,1.977020049309206e-05,False,True,CL0220,CL0220,2.1966889436768956e-05,True,False,EF-hand_5,EF-hand_7
PF00026,PF14543,4,20,4,666,0.12,0.2,33.3,5.057,5.963861385548133e-07,False,True,CL0129,CL0129,2.2364480195805497e-06,True,False,Asp,TAXi_N
PF00090,PF00092,3,24,3,666,0.108,0.125,27.75,4.794,4.1295031783300645e-05,False,False,CL0692,CL0128,4.271899839651791e-05,True,True,TSP_1,VWA
PF00027,PF00069,4,4,38,666,0.228,0.1053,17.526,4.131,9.08611822857039e-06,False,False,CL0029,CL0016,1.1240558633282957e-05,True,True,cNMP_binding,Pkinase
PF00069,PF13499,16,38,19,666,1.084,0.3902,14.759,3.884,3.274304019532334e-19,False,False,CL0016,CL0220,1.9645824117194006e-17,True,True,Pkinase,EF-hand_7
PF00069,PF13202,2,38,3,666,0.171,0.0513,11.684,3.546,0.009179575444635685,False,False,CL0016,CL0220,0.009179575444635685,True,True,Pkinase,EF-hand_5
