domain_accession,n_carriers,n_species_present,n_species_absent,avoidance_score,expected_species_absent,excess_absence,poisson_binomial_p,n_clades_present,n_clades_absent,clade_avoidance_score,absent_clades,present_species,q_value,significant_q05,domain_name,description,clan_accession,clan_id
PF00985,14,1,15,0.9375,12.65,2.35,0.05511639331982759,1,6,0.8571,"Laverania (ape); avian; primate (human); primate (simian); primate (simian, zoonotic); rodent",Plasmodium falciparum,0.9999590328186712,False,MSA_2,Merozoite Surface Antigen 2 (MSA-2) family,,
PF07422,21,3,13,0.8125,10.87,2.13,0.08761724499839907,2,5,0.7143,"Laverania (ape); avian; primate (human); primate (simian); primate (simian, zoonotic)",Plasmodium berghei; Plasmodium falciparum; Plasmodium yoelii,0.9999590328186712,False,s48_45,Sexual stage antigen s48/45 domain,,
PF00026,20,3,13,0.8125,10.937,2.063,0.0956387947575812,3,4,0.5714,"Laverania (ape); avian; primate (simian); primate (simian, zoonotic)",Plasmodium berghei; Plasmodium falciparum; Plasmodium vivax,0.9999590328186712,False,Asp,Eukaryotic aspartyl protease,CL0129,Peptidase_AA
PF13499,19,3,13,0.8125,11.133,1.867,0.13134120282924183,2,5,0.7143,"Laverania (ape); avian; primate (human); primate (simian); primate (simian, zoonotic)",Plasmodium berghei; Plasmodium falciparum; Plasmodium yoelii,0.9999590328186712,False,EF-hand_7,EF-hand domain pair,CL0220,EF_hand
PF07462,9,2,14,0.875,12.704,1.296,0.2597399761510899,2,5,0.7143,"Laverania (ape); avian; primate (human); primate (simian); primate (simian, zoonotic)",Plasmodium falciparum; Plasmodium yoelii,0.9999590328186712,False,MSP1_C,Merozoite surface protein 1 (MSP1) C-terminus,,
PF12946,9,2,14,0.875,12.704,1.296,0.2597399761510899,2,5,0.7143,"Laverania (ape); avian; primate (human); primate (simian); primate (simian, zoonotic)",Plasmodium falciparum; Plasmodium yoelii,0.9999590328186712,False,EGF_MSP1_1,MSP1 EGF domain 1,CL0001,EGF
PF00091,6,2,14,0.875,13.369,0.631,0.4729601971162106,2,5,0.7143,"Laverania (ape); avian; primate (human); primate (simian); primate (simian, zoonotic)",Plasmodium falciparum; Plasmodium yoelii,0.9999590328186712,False,Tubulin,"Tubulin/FtsZ family, GTPase domain",CL0063,NADP_Rossmann
PF03953,6,2,14,0.875,13.369,0.631,0.4729601971162106,2,5,0.7143,"Laverania (ape); avian; primate (human); primate (simian); primate (simian, zoonotic)",Plasmodium falciparum; Plasmodium yoelii,0.9999590328186712,False,Tubulin_C,Tubulin C-terminal domain,CL0442,Tubulin_C
PF05756,5,1,15,0.9375,14.417,0.583,0.4992459023949771,1,6,0.8571,"Laverania (ape); avian; primate (human); primate (simian); primate (simian, zoonotic); rodent",Plasmodium falciparum,0.9999590328186712,False,S-antigen,S-antigen protein,,
PF00022,10,3,13,0.8125,12.465,0.535,0.5037051818102009,2,5,0.7143,"Laverania (ape); avian; primate (human); primate (simian); primate (simian, zoonotic)",Plasmodium berghei; Plasmodium falciparum; Plasmodium yoelii,0.9999590328186712,False,Actin,Actin,CL0108,Actin_ATPase
PF00069,38,6,10,0.625,9.55,0.45,0.5301400313022165,4,3,0.4286,Laverania (ape); avian; primate (simian),Plasmodium berghei; Plasmodium chabaudi; Plasmodium falciparum; Plasmodium knowlesi; Plasmodium vivax; Plasmodium yoelii,0.9999590328186712,False,Pkinase,Protein kinase domain,CL0016,PKinase
PF00082,9,3,13,0.8125,12.615,0.385,0.5543657951433918,3,4,0.5714,"Laverania (ape); avian; primate (simian); primate (simian, zoonotic)",Plasmodium berghei; Plasmodium falciparum; Plasmodium vivax,0.9999590328186712,False,Peptidase_S8,Subtilase family,,
PF00005,5,2,14,0.875,13.653,0.347,0.5792481208954158,2,5,0.7143,"Laverania (ape); avian; primate (human); primate (simian); primate (simian, zoonotic)",Plasmodium berghei; Plasmodium falciparum,0.9999590328186712,False,ABC_tran,ABC transporter,CL0023,P-loop_NTPase
PF00241,4,1,15,0.9375,14.687,0.313,0.6103366471301589,1,6,0.8571,"Laverania (ape); avian; primate (human); primate (simian); primate (simian, zoonotic); rodent",Plasmodium falciparum,0.9999590328186712,False,Cofilin_ADF,Cofilin/tropomyosin-type actin-binding protein,CL0092,ADF
PF02852,4,1,15,0.9375,14.687,0.313,0.6103366471301589,1,6,0.8571,"Laverania (ape); avian; primate (human); primate (simian); primate (simian, zoonotic); rodent",Plasmodium falciparum,0.9999590328186712,False,Pyr_redox_dim,"Pyridine nucleotide-disulphide oxidoreductase, dimerisation domain",CL0608,Reductase_C
PF03805,4,1,15,0.9375,14.687,0.313,0.6103366471301589,1,6,0.8571,"Laverania (ape); avian; primate (human); primate (simian); primate (simian, zoonotic); rodent",Plasmodium falciparum,0.9999590328186712,False,CLAG,Cytoadherence-linked asexual protein,,
PF07992,4,1,15,0.9375,14.687,0.313,0.6103366471301589,1,6,0.8571,"Laverania (ape); avian; primate (human); primate (simian); primate (simian, zoonotic); rodent",Plasmodium falciparum,0.9999590328186712,False,Pyr_redox_2,Pyridine nucleotide-disulphide oxidoreductase,CL0063,NADP_Rossmann
PF14308,4,1,15,0.9375,14.687,0.313,0.6103366471301589,1,6,0.8571,"Laverania (ape); avian; primate (human); primate (simian); primate (simian, zoonotic); rodent",Plasmodium falciparum,0.9999590328186712,False,DnaJ-X,X-domain of DnaJ-containing,,
PF00112,14,4,12,0.75,11.727,0.273,0.5821458112844041,3,4,0.5714,"Laverania (ape); avian; primate (simian); primate (simian, zoonotic)",Plasmodium berghei; Plasmodium falciparum; Plasmodium vinckei; Plasmodium vivax,0.9999590328186712,False,Peptidase_C1,Papain family cysteine protease,CL0125,Peptidase_CA
PF12377,4,2,14,0.875,13.868,0.132,0.6879443636071573,2,5,0.7143,Laverania (ape); Laverania (human); avian; primate (simian); rodent,Plasmodium knowlesi; Plasmodium vivax,0.9999590328186712,False,DuffyBP_N,Duffy binding protein N terminal ,,
PF00578,4,2,14,0.875,13.887,0.113,0.6699184937266585,2,5,0.7143,Laverania (ape); avian; primate (human); primate (simian); rodent,Plasmodium falciparum; Plasmodium knowlesi,0.9999590328186712,False,AhpC-TSA,AhpC/TSA family,CL0172,Thioredoxin
PF10417,4,2,14,0.875,13.887,0.113,0.6699184937266585,2,5,0.7143,Laverania (ape); avian; primate (human); primate (simian); rodent,Plasmodium falciparum; Plasmodium knowlesi,0.9999590328186712,False,1-cysPrx_C,C-terminal domain of 1-Cys peroxiredoxin,,
PF00063,4,2,14,0.875,13.896,0.104,0.6736391358152449,2,5,0.7143,"Laverania (ape); avian; primate (human); primate (simian); primate (simian, zoonotic)",Plasmodium falciparum; Plasmodium yoelii,0.9999590328186712,False,Myosin_head,Myosin head (motor domain),CL0023,P-loop_NTPase
PF00233,4,2,14,0.875,13.896,0.104,0.6736391358152449,2,5,0.7143,"Laverania (ape); avian; primate (human); primate (simian); primate (simian, zoonotic)",Plasmodium falciparum; Plasmodium yoelii,0.9999590328186712,False,PDEase_I,3'5'-cyclic nucleotide phosphodiesterase,CL0237,HD_PDEase
PF00230,4,2,14,0.875,13.9,0.1,0.6925834219625171,2,5,0.7143,"Laverania (ape); avian; primate (human); primate (simian); primate (simian, zoonotic)",Plasmodium berghei; Plasmodium falciparum,0.9999590328186712,False,MIP,Major intrinsic protein,CL0716,Aquaporin-like
PF07885,4,2,14,0.875,13.9,0.1,0.6925834219625171,2,5,0.7143,"Laverania (ape); avian; primate (human); primate (simian); primate (simian, zoonotic)",Plasmodium berghei; Plasmodium falciparum,0.9999590328186712,False,Ion_trans_2,Ion channel,CL0030,Ion_channel
PF14543,4,2,14,0.875,13.906,0.094,0.677436335783082,2,5,0.7143,"Laverania (ape); avian; primate (simian); primate (simian, zoonotic); rodent",Plasmodium falciparum; Plasmodium vivax,0.9999590328186712,False,TAXi_N,Xylanase inhibitor N-terminal,CL0129,Peptidase_AA
PF18515,4,2,14,0.875,13.906,0.094,0.677436335783082,2,5,0.7143,"Laverania (ape); avian; primate (simian); primate (simian, zoonotic); rodent",Plasmodium falciparum; Plasmodium vivax,0.9999590328186712,False,Rh5,Rh5 coiled-coil domain,,
PF00085,4,2,14,0.875,13.935,0.065,0.686677548005332,2,5,0.7143,"Laverania (ape); avian; primate (human); primate (simian); primate (simian, zoonotic)",Plasmodium berghei; Plasmodium falciparum,0.9999590328186712,False,Thioredoxin,Thioredoxin,CL0172,Thioredoxin
PF00274,4,2,14,0.875,13.935,0.065,0.686677548005332,2,5,0.7143,"Laverania (ape); avian; primate (human); primate (simian); primate (simian, zoonotic)",Plasmodium berghei; Plasmodium falciparum,0.9999590328186712,False,Glycolytic,Fructose-bisphosphate aldolase class-I,CL0036,TIM_barrel
PF00025,3,1,15,0.9375,14.978,0.022,0.7314617754017116,1,6,0.8571,"Laverania (ape); avian; primate (human); primate (simian); primate (simian, zoonotic); rodent",Plasmodium falciparum,0.9999590328186712,False,Arf,ADP-ribosylation factor family,CL0023,P-loop_NTPase
PF00122,3,1,15,0.9375,14.978,0.022,0.7314617754017116,1,6,0.8571,"Laverania (ape); avian; primate (human); primate (simian); primate (simian, zoonotic); rodent",Plasmodium falciparum,0.9999590328186712,False,E1-E2_ATPase,P-type ATPase actuator domain,,
PF00226,3,1,15,0.9375,14.978,0.022,0.7314617754017116,1,6,0.8571,"Laverania (ape); avian; primate (human); primate (simian); primate (simian, zoonotic); rodent",Plasmodium falciparum,0.9999590328186712,False,DnaJ,DnaJ domain,CL0392,Chaperone-J
PF00406,3,1,15,0.9375,14.978,0.022,0.7314617754017116,1,6,0.8571,"Laverania (ape); avian; primate (human); primate (simian); primate (simian, zoonotic); rodent",Plasmodium falciparum,0.9999590328186712,False,ADK,Adenylate kinase,CL0023,P-loop_NTPase
PF00623,3,1,15,0.9375,14.978,0.022,0.7314617754017116,1,6,0.8571,"Laverania (ape); avian; primate (human); primate (simian); primate (simian, zoonotic); rodent",Plasmodium falciparum,0.9999590328186712,False,RNA_pol_Rpb1_2,"RNA polymerase Rpb1, domain 2",,
PF00664,3,1,15,0.9375,14.978,0.022,0.7314617754017116,1,6,0.8571,"Laverania (ape); avian; primate (human); primate (simian); primate (simian, zoonotic); rodent",Plasmodium falciparum,0.9999590328186712,False,ABC_membrane,ABC transporter transmembrane region,CL0241,ABC_membrane
PF00705,3,1,15,0.9375,14.978,0.022,0.7314617754017116,1,6,0.8571,"Laverania (ape); avian; primate (human); primate (simian); primate (simian, zoonotic); rodent",Plasmodium falciparum,0.9999590328186712,False,PCNA_N,"Proliferating cell nuclear antigen, N-terminal domain",CL0060,DNA_clamp
PF01918,3,1,15,0.9375,14.978,0.022,0.7314617754017116,1,6,0.8571,"Laverania (ape); avian; primate (human); primate (simian); primate (simian, zoonotic); rodent",Plasmodium falciparum,0.9999590328186712,False,Alba,Alba,CL0441,AlbA
PF02526,3,1,15,0.9375,14.978,0.022,0.7314617754017116,1,6,0.8571,"Laverania (ape); avian; primate (human); primate (simian); primate (simian, zoonotic); rodent",Plasmodium falciparum,0.9999590328186712,False,GBP_repeat,Glycophorin-binding protein,,
PF02747,3,1,15,0.9375,14.978,0.022,0.7314617754017116,1,6,0.8571,"Laverania (ape); avian; primate (human); primate (simian); primate (simian, zoonotic); rodent",Plasmodium falciparum,0.9999590328186712,False,PCNA_C,"Proliferating cell nuclear antigen, C-terminal domain",CL0060,DNA_clamp
PF04997,3,1,15,0.9375,14.978,0.022,0.7314617754017116,1,6,0.8571,"Laverania (ape); avian; primate (human); primate (simian); primate (simian, zoonotic); rodent",Plasmodium falciparum,0.9999590328186712,False,RNA_pol_Rpb1_1,"RNA polymerase Rpb1, domain 1",,
PF04998,3,1,15,0.9375,14.978,0.022,0.7314617754017116,1,6,0.8571,"Laverania (ape); avian; primate (human); primate (simian); primate (simian, zoonotic); rodent",Plasmodium falciparum,0.9999590328186712,False,RNA_pol_Rpb1_5,"RNA polymerase Rpb1, domain 5",,
PF05403,3,1,15,0.9375,14.978,0.022,0.7314617754017116,1,6,0.8571,"Laverania (ape); avian; primate (human); primate (simian); primate (simian, zoonotic); rodent",Plasmodium falciparum,0.9999590328186712,False,Plasmodium_HRP,Plasmodium histidine-rich protein (HRPII/III),,
PF17986,3,1,15,0.9375,14.978,0.022,0.7314617754017116,1,6,0.8571,"Laverania (ape); avian; primate (human); primate (simian); primate (simian, zoonotic); rodent",Plasmodium falciparum,0.9999590328186712,False,EKAL,EMP3-KAHRP-like N-terminal domain,,
PF18513,3,1,15,0.9375,14.978,0.022,0.7314617754017116,1,6,0.8571,"Laverania (ape); avian; primate (human); primate (simian); primate (simian, zoonotic); rodent",Plasmodium falciparum,0.9999590328186712,False,Pro_sub2,Prodomain subtilisin 2,CL0570,PPP-I
PF22808,3,1,15,0.9375,14.978,0.022,0.7314617754017116,1,6,0.8571,"Laverania (ape); avian; primate (human); primate (simian); primate (simian, zoonotic); rodent",Plasmodium falciparum,0.9999590328186712,False,RhopH3_C,RhopH3 C-terminal domain,,
PF12361,3,2,14,0.875,14.127,-0.127,0.7933773773494835,2,5,0.7143,Laverania (ape); Laverania (human); avian; primate (simian); rodent,Plasmodium knowlesi; Plasmodium vivax,0.9999590328186712,False,DBP,Duffy-antigen binding protein ,,
PF00076,3,2,14,0.875,14.201,-0.201,0.7883948646175305,2,5,0.7143,"Laverania (ape); avian; primate (simian); primate (simian, zoonotic); rodent",Plasmodium falciparum; Plasmodium vivax,0.9999590328186712,False,RRM_1,RNA recognition motif,CL0221,RRM
PF01048,3,2,14,0.875,14.201,-0.201,0.7883948646175305,2,5,0.7143,"Laverania (ape); avian; primate (simian); primate (simian, zoonotic); rodent",Plasmodium falciparum; Plasmodium vivax,0.9999590328186712,False,PNP_UDP_1,Phosphorylase superfamily,CL0408,PUP
PF00056,3,2,14,0.875,14.219,-0.219,0.8171104636979155,2,5,0.7143,"Laverania (ape); avian; primate (human); primate (simian); primate (simian, zoonotic)",Plasmodium berghei; Plasmodium falciparum,0.9999590328186712,False,Ldh_1_N,"lactate/malate dehydrogenase, NAD binding domain",CL0063,NADP_Rossmann
PF02866,3,2,14,0.875,14.219,-0.219,0.8171104636979155,2,5,0.7143,"Laverania (ape); avian; primate (human); primate (simian); primate (simian, zoonotic)",Plasmodium berghei; Plasmodium falciparum,0.9999590328186712,False,Ldh_1_C,"lactate/malate dehydrogenase, alpha/beta C-terminal domain",CL0341,LDH_C
PF00211,3,2,14,0.875,14.239,-0.239,0.7987440555487333,2,5,0.7143,"Laverania (ape); avian; primate (human); primate (simian); primate (simian, zoonotic)",Plasmodium berghei; Plasmodium falciparum,0.9999590328186712,False,Guanylate_cyc,Adenylate and Guanylate cyclase catalytic domain,CL0276,Nucleot_cyclase
PF00235,3,2,14,0.875,14.239,-0.239,0.7987440555487333,2,5,0.7143,"Laverania (ape); avian; primate (human); primate (simian); primate (simian, zoonotic)",Plasmodium berghei; Plasmodium falciparum,0.9999590328186712,False,Profilin,Profilin,CL0431,PF
PF01458,3,2,14,0.875,14.239,-0.239,0.7987440555487333,2,5,0.7143,"Laverania (ape); avian; primate (human); primate (simian); primate (simian, zoonotic)",Plasmodium berghei; Plasmodium falciparum,0.9999590328186712,False,SUFBD_core,"SUF system FeS cluster assembly, SufBD core domain",,
PF02535,3,2,14,0.875,14.239,-0.239,0.7987440555487333,2,5,0.7143,"Laverania (ape); avian; primate (human); primate (simian); primate (simian, zoonotic)",Plasmodium berghei; Plasmodium falciparum,0.9999590328186712,False,Zip,ZIP Zinc transporter,CL0184,DMT
PF03092,3,2,14,0.875,14.239,-0.239,0.7987440555487333,2,5,0.7143,"Laverania (ape); avian; primate (human); primate (simian); primate (simian, zoonotic)",Plasmodium berghei; Plasmodium falciparum,0.9999590328186712,False,BT1,BT1 family,CL0015,MFS
PF16212,3,2,14,0.875,14.239,-0.239,0.7987440555487333,2,5,0.7143,"Laverania (ape); avian; primate (human); primate (simian); primate (simian, zoonotic)",Plasmodium berghei; Plasmodium falciparum,0.9999590328186712,False,PhoLip_ATPase_C,Phospholipid-translocating P-type ATPase C-terminal,CL0137,HAD
PF00012,6,3,13,0.8125,13.267,-0.267,0.7685852595555821,3,4,0.5714,"Laverania (ape); avian; primate (human); primate (simian, zoonotic)",Plasmodium berghei; Plasmodium cynomolgi; Plasmodium falciparum,0.9999590328186712,False,HSP70,Hsp70 protein,CL0108,Actin_ATPase
PF00113,6,3,13,0.8125,13.3,-0.3,0.77846267435171,2,5,0.7143,"Laverania (ape); avian; primate (human); primate (simian); primate (simian, zoonotic)",Plasmodium berghei; Plasmodium falciparum; Plasmodium yoelii,0.9999590328186712,False,Enolase_C,"Enolase, C-terminal TIM barrel domain",CL0036,TIM_barrel
PF03952,6,3,13,0.8125,13.3,-0.3,0.77846267435171,2,5,0.7143,"Laverania (ape); avian; primate (human); primate (simian); primate (simian, zoonotic)",Plasmodium berghei; Plasmodium falciparum; Plasmodium yoelii,0.9999590328186712,False,Enolase_N,"Enolase, N-terminal domain",CL0227,Enolase_N
PF00081,5,3,13,0.8125,13.501,-0.501,0.836963345141598,2,5,0.7143,"Laverania (ape); avian; primate (simian); primate (simian, zoonotic); rodent",Plasmodium falciparum; Plasmodium malariae; Plasmodium vivax,0.9999590328186712,False,Sod_Fe_N,"Iron/manganese superoxide dismutases, alpha-hairpin domain",,
PF02777,5,3,13,0.8125,13.501,-0.501,0.836963345141598,2,5,0.7143,"Laverania (ape); avian; primate (simian); primate (simian, zoonotic); rodent",Plasmodium falciparum; Plasmodium malariae; Plasmodium vivax,0.9999590328186712,False,Sod_Fe_C,"Iron/manganese superoxide dismutases, C-terminal domain",,
PF18213,5,3,13,0.8125,13.572,-0.572,0.8509579973231961,3,4,0.5714,"Laverania (ape); avian; primate (simian); primate (simian, zoonotic)",Plasmodium berghei; Plasmodium falciparum; Plasmodium vivax,0.9999590328186712,False,SUB1_ProdP9,SUB1 protease Prodomain ProdP9,CL0570,PPP-I
PF02430,8,4,12,0.75,12.774,-0.774,0.8705308185307321,4,3,0.4286,Laverania (ape); avian; primate (human),Plasmodium chabaudi; Plasmodium falciparum; Plasmodium fragile; Plasmodium knowlesi,0.9999590328186712,False,AMA-1,Apical membrane antigen 1,CL0168,PAN
PF00202,4,3,13,0.8125,13.788,-0.788,0.9045168474887177,2,5,0.7143,"Laverania (ape); avian; primate (human); primate (simian); primate (simian, zoonotic)",Plasmodium chabaudi; Plasmodium falciparum; Plasmodium yoelii,0.9999590328186712,False,Aminotran_3,Aminotransferase class-III,CL0061,PLP_aminotran
PF00027,4,3,13,0.8125,13.857,-0.857,0.9127433089979997,3,4,0.5714,"Laverania (ape); avian; primate (simian); primate (simian, zoonotic)",Plasmodium berghei; Plasmodium falciparum; Plasmodium vivax,0.9999590328186712,False,cNMP_binding,Cyclic nucleotide-binding domain,CL0029,Cupin
PF00266,4,3,13,0.8125,13.857,-0.857,0.9127433089979997,3,4,0.5714,"Laverania (ape); avian; primate (simian); primate (simian, zoonotic)",Plasmodium berghei; Plasmodium falciparum; Plasmodium vivax,0.9999590328186712,False,Aminotran_5,Aminotransferase class-V,CL0061,PLP_aminotran
PF01521,4,3,13,0.8125,13.857,-0.857,0.9127433089979997,3,4,0.5714,"Laverania (ape); avian; primate (simian); primate (simian, zoonotic)",Plasmodium berghei; Plasmodium falciparum; Plasmodium vivax,0.9999590328186712,False,Fe-S_biosyn,Iron-sulphur cluster biosynthesis,CL0980,HesB-like
PF08246,7,4,12,0.75,13.041,-1.041,0.9119236990425571,3,4,0.5714,"Laverania (ape); avian; primate (simian); primate (simian, zoonotic)",Plasmodium berghei; Plasmodium falciparum; Plasmodium vinckei; Plasmodium vivax,0.9999590328186712,False,Inhibitor_I29,Cathepsin propeptide inhibitor domain (I29),,
PF00670,3,3,13,0.8125,14.082,-1.082,0.9539271682043715,2,5,0.7143,"Laverania (ape); avian; primate (human); primate (simian); primate (simian, zoonotic)",Plasmodium chabaudi; Plasmodium falciparum; Plasmodium yoelii,0.9999590328186712,False,AdoHcyase_NAD,"S-adenosyl-L-homocysteine hydrolase, NAD binding domain",CL0063,NADP_Rossmann
PF05221,3,3,13,0.8125,14.082,-1.082,0.9539271682043715,2,5,0.7143,"Laverania (ape); avian; primate (human); primate (simian); primate (simian, zoonotic)",Plasmodium chabaudi; Plasmodium falciparum; Plasmodium yoelii,0.9999590328186712,False,AdoHcyase,S-adenosyl-L-homocysteine hydrolase,CL0063,NADP_Rossmann
PF00889,3,3,13,0.8125,14.093,-1.093,0.9549028305739773,3,4,0.5714,"Laverania (ape); avian; primate (simian); primate (simian, zoonotic)",Plasmodium chabaudi; Plasmodium falciparum; Plasmodium vivax,0.9999590328186712,False,EF_TS,Elongation factor TS,,
PF02475,3,3,13,0.8125,14.106,-1.106,0.9566362546361851,3,4,0.5714,Laverania (ape); avian; primate (simian); rodent,Plasmodium falciparum; Plasmodium knowlesi; Plasmodium vivax,0.9999590328186712,False,TRM5-TYW2_MTfase,TRM5/TYW2 methyltransferase domain,CL0063,NADP_Rossmann
PF03853,3,3,13,0.8125,14.106,-1.106,0.9566362546361851,3,4,0.5714,Laverania (ape); avian; primate (simian); rodent,Plasmodium falciparum; Plasmodium knowlesi; Plasmodium vivax,0.9999590328186712,False,YjeF_N,YjeF-related protein N-terminus,CL0063,NADP_Rossmann
PF05301,3,3,13,0.8125,14.106,-1.106,0.9566362546361851,3,4,0.5714,Laverania (ape); avian; primate (simian); rodent,Plasmodium falciparum; Plasmodium knowlesi; Plasmodium vivax,0.9999590328186712,False,Acetyltransf_16,"GNAT acetyltransferase, Mec-17",CL0257,Acetyltrans
PF25133,3,3,13,0.8125,14.106,-1.106,0.9566362546361851,3,4,0.5714,Laverania (ape); avian; primate (simian); rodent,Plasmodium falciparum; Plasmodium knowlesi; Plasmodium vivax,0.9999590328186712,False,TYW2_N_2,TYW2 N-terminal domain,,
PF02798,3,3,13,0.8125,14.117,-1.117,0.9576901997669479,3,4,0.5714,"Laverania (ape); avian; primate (simian); primate (simian, zoonotic)",Plasmodium falciparum; Plasmodium vivax; Plasmodium yoelii,0.9999590328186712,False,GST_N,"Glutathione S-transferase, N-terminal domain",CL0172,Thioredoxin
PF14497,3,3,13,0.8125,14.117,-1.117,0.9576901997669479,3,4,0.5714,"Laverania (ape); avian; primate (simian); primate (simian, zoonotic)",Plasmodium falciparum; Plasmodium vivax; Plasmodium yoelii,0.9999590328186712,False,GST_C_3,"Glutathione S-transferase, C-terminal domain",CL0497,GST_C
PF00115,3,3,13,0.8125,14.131,-1.131,0.9567061383194614,2,5,0.7143,"Laverania (ape); avian; primate (human); primate (simian); primate (simian, zoonotic)",Plasmodium berghei; Plasmodium chabaudi; Plasmodium falciparum,0.9999590328186712,False,COX1,Cytochrome C and Quinol oxidase polypeptide I,CL0714,COX1-like
PF13656,3,3,13,0.8125,14.131,-1.131,0.9567061383194614,2,5,0.7143,"Laverania (ape); avian; primate (human); primate (simian); primate (simian, zoonotic)",Plasmodium berghei; Plasmodium chabaudi; Plasmodium falciparum,0.9999590328186712,False,RNA_pol_L_2,RNA polymerase Rpb3/Rpb11 dimerisation domain,CL0509,RBP11-like
PF00092,3,3,13,0.8125,14.155,-1.155,0.9593515484060119,2,5,0.7143,"Laverania (ape); avian; primate (human); primate (simian); primate (simian, zoonotic)",Plasmodium berghei; Plasmodium falciparum; Plasmodium yoelii,0.9999590328186712,False,VWA,von Willebrand factor type A domain,CL0128,vWA-like
PF13202,3,3,13,0.8125,14.155,-1.155,0.9593515484060119,2,5,0.7143,"Laverania (ape); avian; primate (human); primate (simian); primate (simian, zoonotic)",Plasmodium berghei; Plasmodium falciparum; Plasmodium yoelii,0.9999590328186712,False,EF-hand_5,EF hand,CL0220,EF_hand
PF02657,3,3,13,0.8125,14.166,-1.166,0.9601974723957747,3,4,0.5714,"Laverania (ape); avian; primate (simian); primate (simian, zoonotic)",Plasmodium berghei; Plasmodium falciparum; Plasmodium vivax,0.9999590328186712,False,SufE,Fe-S metabolism associated domain,CL0233,SufE_NifU
PF10250,3,3,13,0.8125,14.166,-1.166,0.9601974723957747,3,4,0.5714,"Laverania (ape); avian; primate (simian); primate (simian, zoonotic)",Plasmodium berghei; Plasmodium falciparum; Plasmodium vivax,0.9999590328186712,False,O-FucT,GDP-fucose protein O-fucosyltransferase,CL0113,GT-B
PF00009,6,4,12,0.75,13.298,-1.298,0.9479441145755959,4,3,0.4286,Laverania (ape); avian; primate (simian),Plasmodium falciparum; Plasmodium knowlesi; Plasmodium vivax; Plasmodium yoelii,0.9999590328186712,False,GTP_EFTU,Elongation factor Tu GTP binding domain,CL0023,P-loop_NTPase
PF05424,6,4,12,0.75,13.33,-1.33,0.9534967717214329,3,4,0.5714,Laverania (ape); avian; primate (simian); rodent,Plasmodium falciparum; Plasmodium knowlesi; Plasmodium ovale; Plasmodium vivax,0.9999590328186712,False,Duffy_binding,Duffy binding domain,CL0195,DBL
PF11556,6,4,12,0.75,13.33,-1.33,0.9534967717214329,3,4,0.5714,Laverania (ape); avian; primate (simian); rodent,Plasmodium falciparum; Plasmodium knowlesi; Plasmodium ovale; Plasmodium vivax,0.9999590328186712,False,EBA-175_VI,Erythrocyte binding antigen 175,,
PF00083,5,4,12,0.75,13.611,-1.611,0.9752621560733022,4,3,0.4286,Laverania (ape); avian; primate (simian),Plasmodium falciparum; Plasmodium knowlesi; Plasmodium vivax; Plasmodium yoelii,0.9999590328186712,False,Sugar_tr,Sugar (and other) transporter,CL0015,MFS
PF06247,4,4,12,0.75,13.786,-1.786,0.9835428047896511,4,3,0.4286,"primate (human); primate (simian); primate (simian, zoonotic)",Plasmodium berghei; Plasmodium falciparum; Plasmodium gallinaceum; Plasmodium reichenowi,0.9999590328186712,False,Plasmod_Pvs28,Pvs28 EGF domain,CL0001,EGF
PF00679,4,4,12,0.75,13.836,-1.836,0.9871468716832692,4,3,0.4286,Laverania (ape); avian; primate (simian),Plasmodium falciparum; Plasmodium knowlesi; Plasmodium vivax; Plasmodium yoelii,0.9999590328186712,False,EFG_C,Elongation factor G C-terminus,CL0437,EF-G_C
PF01015,4,4,12,0.75,13.836,-1.836,0.9871468716832692,4,3,0.4286,Laverania (ape); avian; primate (simian),Plasmodium falciparum; Plasmodium knowlesi; Plasmodium vivax; Plasmodium yoelii,0.9999590328186712,False,Ribosomal_S3Ae,Ribosomal S3Ae family,,
PF04055,4,4,12,0.75,13.836,-1.836,0.9871468716832692,4,3,0.4286,Laverania (ape); avian; primate (simian),Plasmodium falciparum; Plasmodium knowlesi; Plasmodium vivax; Plasmodium yoelii,0.9999590328186712,False,Radical_SAM,Radical SAM superfamily,CL0036,TIM_barrel
PF06421,4,4,12,0.75,13.836,-1.836,0.9871468716832692,4,3,0.4286,Laverania (ape); avian; primate (simian),Plasmodium falciparum; Plasmodium knowlesi; Plasmodium vivax; Plasmodium yoelii,0.9999590328186712,False,LepA_C,GTP-binding protein LepA C-terminus,,
PF16881,4,4,12,0.75,13.836,-1.836,0.9871468716832692,4,3,0.4286,Laverania (ape); avian; primate (simian),Plasmodium falciparum; Plasmodium knowlesi; Plasmodium vivax; Plasmodium yoelii,0.9999590328186712,False,LIAS_N,N-terminal domain of lipoyl synthase of Radical_SAM family,,
PF00303,4,4,12,0.75,13.862,-1.862,0.9869838410790296,3,4,0.5714,"Laverania (ape); avian; primate (simian); primate (simian, zoonotic)",Plasmodium berghei; Plasmodium chabaudi; Plasmodium falciparum; Plasmodium vivax,0.9999590328186712,False,Thymidylat_synt,Thymidylate synthase,,
PF01139,4,4,12,0.75,13.865,-1.865,0.9872414549795653,3,4,0.5714,Laverania (ape); avian; primate (human); primate (simian),Plasmodium berghei; Plasmodium falciparum; Plasmodium knowlesi; Plasmodium yoelii,0.9999590328186712,False,RtcB,tRNA-splicing ligase RtcB,,
PF01226,5,5,11,0.6875,13.516,-2.516,0.9962030360769831,3,4,0.5714,Laverania (ape); avian; primate (simian); rodent,Plasmodium falciparum; Plasmodium knowlesi; Plasmodium malariae; Plasmodium ovale; Plasmodium vivax,0.9999590328186712,False,Form_Nir_trans,Formate/nitrite transporter,CL0716,Aquaporin-like
PF00186,5,5,11,0.6875,13.575,-2.575,0.9965235934053776,3,4,0.5714,"Laverania (ape); avian; primate (simian); primate (simian, zoonotic)",Plasmodium berghei; Plasmodium chabaudi; Plasmodium falciparum; Plasmodium vinckei; Plasmodium vivax,0.9999590328186712,False,DHFR_1,Dihydrofolate reductase,CL0387,DHFred
PF00032,5,5,11,0.6875,13.577,-2.577,0.9965564165074717,4,3,0.4286,"Laverania (ape); primate (simian); primate (simian, zoonotic)",Plasmodium berghei; Plasmodium chabaudi; Plasmodium falciparum; Plasmodium gallinaceum; Plasmodium vivax,0.9999590328186712,False,Cytochrom_B_C,Cytochrome b(C-terminal)/b6/petD,,
PF00033,5,5,11,0.6875,13.577,-2.577,0.9965564165074717,4,3,0.4286,"Laverania (ape); primate (simian); primate (simian, zoonotic)",Plasmodium berghei; Plasmodium chabaudi; Plasmodium falciparum; Plasmodium gallinaceum; Plasmodium vivax,0.9999590328186712,False,Cytochrome_B,Cytochrome b/b6/petB,CL0328,2heme_cytochrom
PF05019,5,5,11,0.6875,13.58,-2.58,0.9969207203200114,4,3,0.4286,Laverania (ape); avian; primate (simian),Plasmodium chabaudi; Plasmodium falciparum; Plasmodium knowlesi; Plasmodium vivax; Plasmodium yoelii,0.9999590328186712,False,Coq4,Coenzyme Q (ubiquinone) biosynthesis protein Coq4,,
PF00838,5,5,11,0.6875,13.602,-2.602,0.9968929479844592,3,4,0.5714,Laverania (ape); avian; primate (human); primate (simian),Plasmodium berghei; Plasmodium chabaudi; Plasmodium falciparum; Plasmodium knowlesi; Plasmodium yoelii,0.9999590328186712,False,TCTP,Translationally controlled tumour protein,CL0080,Beta-tent
PF05879,5,5,11,0.6875,13.61,-2.61,0.9969012885551619,4,3,0.4286,Laverania (ape); avian; primate (simian),Plasmodium berghei; Plasmodium chabaudi; Plasmodium falciparum; Plasmodium knowlesi; Plasmodium vivax,0.9999590328186712,False,RHD3_GTPase,Root hair defective 3 GTP-binding protein (RHD3) GTPase domain,CL0023,P-loop_NTPase
PF05093,5,5,11,0.6875,13.629,-2.629,0.9969746360364737,4,3,0.4286,Laverania (ape); avian; primate (simian),Plasmodium berghei; Plasmodium falciparum; Plasmodium knowlesi; Plasmodium vivax; Plasmodium yoelii,0.9999590328186712,False,CIAPIN1,"Cytokine-induced anti-apoptosis inhibitor 1, Fe-S biogenesis",,
PF08627,8,6,10,0.625,12.899,-2.899,0.9973880603409221,4,3,0.4286,Laverania (ape); avian; primate (simian),Plasmodium berghei; Plasmodium chabaudi; Plasmodium falciparum; Plasmodium knowlesi; Plasmodium vivax; Plasmodium yoelii,0.9999590328186712,False,CRT-like,"CRT-like, chloroquine-resistance transporter-like",CL0184,DMT
PF00709,7,6,10,0.625,13.133,-3.133,0.9986958658043116,4,3,0.4286,Laverania (ape); avian; primate (simian),Plasmodium berghei; Plasmodium chabaudi; Plasmodium falciparum; Plasmodium knowlesi; Plasmodium vivax; Plasmodium yoelii,0.9999590328186712,False,Adenylsucc_synt,Adenylosuccinate synthetase,CL0023,P-loop_NTPase
PF00752,7,6,10,0.625,13.133,-3.133,0.9986958658043116,4,3,0.4286,Laverania (ape); avian; primate (simian),Plasmodium berghei; Plasmodium chabaudi; Plasmodium falciparum; Plasmodium knowlesi; Plasmodium vivax; Plasmodium yoelii,0.9999590328186712,False,XPG_N,XPG N-terminal domain,CL0280,PIN
PF00867,7,6,10,0.625,13.133,-3.133,0.9986958658043116,4,3,0.4286,Laverania (ape); avian; primate (simian),Plasmodium berghei; Plasmodium chabaudi; Plasmodium falciparum; Plasmodium knowlesi; Plasmodium vivax; Plasmodium yoelii,0.9999590328186712,False,XPG_I,XPG I-region,CL0464,5_3_exonuc_C
PF00962,6,6,10,0.625,13.331,-3.331,0.9993644388164902,6,1,0.1429,Laverania (ape),Plasmodium berghei; Plasmodium cynomolgi; Plasmodium falciparum; Plasmodium gallinaceum; Plasmodium knowlesi; Plasmodium vivax,0.9999590328186712,False,A_deaminase,Adenosine deaminase,CL0036,TIM_barrel
PF00318,6,6,10,0.625,13.384,-3.384,0.9994405674056315,4,3,0.4286,Laverania (ape); avian; primate (simian),Plasmodium berghei; Plasmodium chabaudi; Plasmodium falciparum; Plasmodium knowlesi; Plasmodium vivax; Plasmodium yoelii,0.9999590328186712,False,Ribosomal_S2,Ribosomal protein S2,CL0067,SIS
PF02374,6,6,10,0.625,13.384,-3.384,0.9994405674056315,4,3,0.4286,Laverania (ape); avian; primate (simian),Plasmodium berghei; Plasmodium chabaudi; Plasmodium falciparum; Plasmodium knowlesi; Plasmodium vivax; Plasmodium yoelii,0.9999590328186712,False,ArsA_ATPase,Anion-transporting ATPase,CL0023,P-loop_NTPase
PF06220,6,6,10,0.625,13.384,-3.384,0.9994405674056315,4,3,0.4286,Laverania (ape); avian; primate (simian),Plasmodium berghei; Plasmodium chabaudi; Plasmodium falciparum; Plasmodium knowlesi; Plasmodium vivax; Plasmodium yoelii,0.9999590328186712,False,zf-U1,U1 zinc finger,CL0361,C2H2-zf
PF00090,24,10,6,0.375,10.648,-4.648,0.9999590328186712,6,1,0.1429,avian,Plasmodium berghei; Plasmodium brasilianum; Plasmodium cynomolgi; Plasmodium falciparum; Plasmodium knowlesi; Plasmodium malariae; Plasmodium reichenowi; Plasmodium simium; Plasmodium vivax; Plasmodium yoelii,0.9999590328186712,False,TSP_1,Thrombospondin type 1 domain,CL0692,TSP1
